"('p', 'DOWN', 1.9073486328125e-06)","('p', 'UP', 0.08619379997253418)","('a', 'DOWN', 0.1874098777770996)","('a', 'UP', 0.3000471591949463)","('s', 'DOWN', 0.3338429927825928)","('s', 'UP', 0.4912090301513672)","('s', 'DOWN', 0.9415321350097656)","('s', 'UP', 1.0535759925842285)","('W', 'DOWN', 1.6049280166625977)","('W', 'UP', 1.717649221420288)","('0', 'DOWN', 1.998683214187622)","('0', 'UP', 2.1000828742980957)","('r', 'DOWN', 2.1450018882751465)","('r', 'UP', 2.2349748611450195)","('d', 'DOWN', 2.3364500999450684)","('d', 'UP', 2.4485409259796143)","('!', 'DOWN', 2.6513540744781494)","('!', 'UP', 2.741309881210327)"
"('p', 'DOWN', 3.0994415283203125e-06)","('a', 'DOWN', 0.07893204689025879)","('p', 'UP', 0.10277915000915527)","('a', 'UP', 0.20250487327575684)","('s', 'DOWN', 0.2925088405609131)","('s', 'UP', 0.3713860511779785)","('s', 'DOWN', 0.44973301887512207)","('s', 'UP', 0.5512051582336426)","('W', 'DOWN', 0.8322539329528809)","('W', 'UP', 0.9335510730743408)","('0', 'DOWN', 1.2601029872894287)","('0', 'UP', 1.3611440658569336)","('r', 'DOWN', 1.5185790061950684)","('r', 'UP', 1.597311019897461)","('d', 'DOWN', 1.7661809921264648)","('d', 'UP', 1.8560597896575928)","('!', 'DOWN', 2.103811025619507)","('!', 'UP', 2.2389230728149414)"
"('p', 'DOWN', 1.9073486328125e-06)","('p', 'UP', 0.07851505279541016)","('a', 'DOWN', 0.12346410751342773)","('a', 'UP', 0.2361278533935547)","('s', 'DOWN', 0.34875988960266113)","('s', 'UP', 0.4160130023956299)","('s', 'DOWN', 0.4948310852050781)","('s', 'UP', 0.5846590995788574)","('W', 'DOWN', 0.8212158679962158)","('W', 'UP', 0.9447999000549316)","('0', 'DOWN', 1.1362221240997314)","('0', 'UP', 1.2485589981079102)","('r', 'DOWN', 1.2935609817504883)","('r', 'UP', 1.3836100101470947)","('d', 'DOWN', 1.5411319732666016)","('d', 'UP', 1.6424517631530762)","('!', 'DOWN', 1.878633975982666)","('!', 'UP', 1.9576318264007568)"
"('p', 'DOWN', 1.9073486328125e-06)","('p', 'UP', 0.10094690322875977)","('a', 'DOWN', 0.1350870132446289)","('a', 'UP', 0.22476601600646973)","('s', 'DOWN', 0.35997581481933594)","('s', 'UP', 0.47219395637512207)","('s', 'DOWN', 0.5624170303344727)","('s', 'UP', 0.6523940563201904)","('W', 'DOWN', 1.16988205909729)","('W', 'UP', 1.3046879768371582)","('0', 'DOWN', 1.4736120700836182)","('0', 'UP', 1.5970330238342285)","('r', 'DOWN', 1.6422898769378662)","('r', 'UP', 1.720918893814087)","('d', 'DOWN', 1.8450820446014404)","('d', 'UP', 1.9459278583526611)","('!', 'DOWN', 2.148577928543091)","('!', 'UP', 2.2721798419952393)"
"('p', 'DOWN', 2.86102294921875e-06)","('p', 'UP', 0.0896599292755127)","('a', 'DOWN', 0.12356209754943848)","('a', 'UP', 0.20216894149780273)","('s', 'DOWN', 0.31496405601501465)","('s', 'UP', 0.38219499588012695)","('s', 'DOWN', 0.46104001998901367)","('s', 'UP', 0.5510191917419434)","('W', 'DOWN', 0.7874059677124023)","('W', 'UP', 0.8890409469604492)","('0', 'DOWN', 1.214933156967163)","('0', 'UP', 1.3160340785980225)","('r', 'DOWN', 1.383681058883667)","('r', 'UP', 1.4960222244262695)","('d', 'DOWN', 1.721060037612915)","('d', 'UP', 1.8222439289093018)","('!', 'DOWN', 2.126136064529419)","('!', 'UP', 2.2498068809509277)"
"('p', 'DOWN', 3.814697265625e-06)","('p', 'UP', 0.08962702751159668)","('a', 'DOWN', 0.20241904258728027)","('a', 'UP', 0.31522202491760254)","('s', 'DOWN', 0.4387679100036621)","('s', 'UP', 0.5061631202697754)","('s', 'DOWN', 0.5737760066986084)","('s', 'UP', 0.6975870132446289)","('W', 'DOWN', 0.9451689720153809)","('W', 'UP', 1.0688998699188232)","('0', 'DOWN', 1.271254062652588)","('0', 'UP', 1.383795976638794)","('r', 'DOWN', 1.935136079788208)","('r', 'UP', 2.0024819374084473)","('d', 'DOWN', 2.204796075820923)","('d', 'UP', 2.3401739597320557)","('!', 'DOWN', 2.5650699138641357)","('!', 'UP', 2.6665380001068115)"
"('p', 'DOWN', 2.1457672119140625e-06)","('p', 'UP', 0.10129380226135254)","('a', 'DOWN', 0.12377691268920898)","('a', 'UP', 0.2251579761505127)","('s', 'DOWN', 0.32636499404907227)","('s', 'UP', 0.4161348342895508)","('s', 'DOWN', 0.48380494117736816)","('s', 'UP', 0.5963089466094971)","('W', 'DOWN', 0.8662238121032715)","('W', 'UP', 0.9674849510192871)","('0', 'DOWN', 1.1476061344146729)","('0', 'UP', 1.3054008483886719)","('r', 'DOWN', 1.3059918880462646)","('r', 'UP', 1.4175539016723633)","('d', 'DOWN', 1.5413031578063965)","('d', 'UP', 1.6540579795837402)","('!', 'DOWN', 2.058964967727661)","('!', 'UP', 2.1826260089874268)"
"('p', 'DOWN', 1.9073486328125e-06)","('p', 'UP', 0.11231493949890137)","('a', 'DOWN', 0.12358689308166504)","('a', 'UP', 0.2023148536682129)","('s', 'DOWN', 0.31494903564453125)","('s', 'UP', 0.4047260284423828)","('s', 'DOWN', 0.4612090587615967)","('s', 'UP', 0.5734140872955322)","('W', 'DOWN', 1.237401008605957)","('W', 'UP', 1.3609540462493896)","('0', 'DOWN', 1.7661428451538086)","('0', 'UP', 1.9012048244476318)","('r', 'DOWN', 1.9686267375946045)","('r', 'UP', 2.069821834564209)","('d', 'DOWN', 2.193640947341919)","('d', 'UP', 2.3171048164367676)","('!', 'DOWN', 2.508732795715332)","('!', 'UP', 2.6107177734375)"
"('p', 'DOWN', 1.9073486328125e-06)","('p', 'UP', 0.06736183166503906)","('a', 'DOWN', 0.12356209754943848)","('a', 'UP', 0.24729204177856445)","('s', 'DOWN', 0.37120699882507324)","('s', 'UP', 0.41596293449401855)","('s', 'DOWN', 0.4948079586029053)","('s', 'UP', 0.5848348140716553)","('W', 'DOWN', 0.9224710464477539)","('W', 'UP', 1.0232830047607422)","('0', 'DOWN', 1.3160278797149658)","('0', 'UP', 1.4172570705413818)","('r', 'DOWN', 1.4961199760437012)","('r', 'UP', 1.574753761291504)","('d', 'DOWN', 1.7212791442871094)","('d', 'UP', 1.811061143875122)","('!', 'DOWN', 2.069856882095337)","('!', 'UP', 2.182270050048828)"
"('p', 'DOWN', 2.86102294921875e-06)","('p', 'UP', 0.11236691474914551)","('a', 'DOWN', 0.1349029541015625)","('a', 'UP', 0.2362377643585205)","('s', 'DOWN', 0.33750391006469727)","('s', 'UP', 0.42727088928222656)","('s', 'DOWN', 0.4948430061340332)","('s', 'UP', 0.5734889507293701)","('W', 'DOWN', 0.7874786853790283)","('W', 'UP', 0.9110069274902344)","('0', 'DOWN', 1.0574898719787598)","('0', 'UP', 1.1810309886932373)","('r', 'DOWN', 1.2262179851531982)","('r', 'UP', 1.3159749507904053)","('d', 'DOWN', 1.4512128829956055)","('d', 'UP', 1.518631935119629)","('!', 'DOWN', 1.878532886505127)","('!', 'UP', 1.9576389789581299)"
"('p', 'DOWN', 1.9073486328125e-06)","('p', 'UP', 0.08975911140441895)","('a', 'DOWN', 0.10128593444824219)","('a', 'UP', 0.21358275413513184)","('s', 'DOWN', 0.3036160469055176)","('s', 'UP', 0.37105798721313477)","('s', 'DOWN', 0.461108922958374)","('s', 'UP', 0.5511298179626465)","('W', 'DOWN', 0.7421698570251465)","('W', 'UP', 0.8549339771270752)","('0', 'DOWN', 1.001081943511963)","('0', 'UP', 1.11368989944458)","('r', 'DOWN', 1.147446870803833)","('r', 'UP', 1.237267017364502)","('d', 'DOWN', 1.3725430965423584)","('d', 'UP', 1.4623019695281982)","('!', 'DOWN', 1.7326281070709229)","('!', 'UP', 1.8339910507202148)"
"('p', 'DOWN', 1.9073486328125e-06)","('p', 'UP', 0.11234712600708008)","('a', 'DOWN', 0.13520193099975586)","('a', 'UP', 0.21388888359069824)","('s', 'DOWN', 0.36011219024658203)","('s', 'UP', 0.47247314453125)","('s', 'DOWN', 0.5738480091094971)","('s', 'UP', 0.6636409759521484)","('W', 'DOWN', 1.271338939666748)","('W', 'UP', 1.3840439319610596)","('0', 'DOWN', 1.5974400043487549)","('0', 'UP', 1.6988201141357422)","('r', 'DOWN', 1.822566032409668)","('r', 'UP', 1.923907995223999)","('d', 'DOWN', 2.0251171588897705)","('d', 'UP', 2.126262903213501)","('!', 'DOWN', 2.3513031005859375)","('!', 'UP', 2.4413528442382812)"
"('p', 'DOWN', 2.1457672119140625e-06)","('p', 'UP', 0.11232495307922363)","('a', 'DOWN', 0.12371516227722168)","('a', 'UP', 0.2136530876159668)","('s', 'DOWN', 0.3262939453125)","('s', 'UP', 0.4048268795013428)","('s', 'DOWN', 0.4724879264831543)","('s', 'UP', 0.5960431098937988)","('W', 'DOWN', 0.8437230587005615)","('W', 'UP', 0.9338250160217285)","('0', 'DOWN', 1.158689022064209)","('0', 'UP', 1.2485260963439941)","('r', 'DOWN', 1.3049769401550293)","('r', 'UP', 1.372281789779663)","('d', 'DOWN', 1.518686056137085)","('d', 'UP', 1.6310479640960693)","('!', 'DOWN', 1.8111810684204102)","('!', 'UP', 1.9126369953155518)"
"('p', 'DOWN', 3.0994415283203125e-06)","('p', 'UP', 0.08974623680114746)","('a', 'DOWN', 0.1013021469116211)","('a', 'UP', 0.1910550594329834)","('s', 'DOWN', 0.30376291275024414)","('s', 'UP', 0.39356422424316406)","('s', 'DOWN', 0.46129417419433594)","('s', 'UP', 0.5399651527404785)","('W', 'DOWN', 0.7425010204315186)","('W', 'UP', 0.8214941024780273)","('0', 'DOWN', 0.9900469779968262)","('0', 'UP', 1.0911359786987305)","('r', 'DOWN', 1.1362590789794922)","('r', 'UP', 1.248641014099121)","('d', 'DOWN', 1.4062540531158447)","('d', 'UP', 1.507505178451538)","('!', 'DOWN', 1.7779629230499268)","('!', 'UP', 2.024933099746704)"
"('p', 'DOWN', 2.1457672119140625e-06)","('p', 'UP', 0.1235499382019043)","('a', 'DOWN', 0.15748095512390137)","('a', 'UP', 0.2696530818939209)","('s', 'DOWN', 0.41631388664245605)","('s', 'UP', 0.5174810886383057)","('s', 'DOWN', 0.5962340831756592)","('s', 'UP', 0.7196381092071533)","('W', 'DOWN', 0.967216968536377)","('W', 'UP', 1.0914719104766846)","('0', 'DOWN', 1.304975986480713)","('0', 'UP', 1.4061980247497559)","('r', 'DOWN', 1.4963350296020508)","('r', 'UP', 1.5973730087280273)","('d', 'DOWN', 1.7325818538665771)","('d', 'UP', 1.8561220169067383)","('!', 'DOWN', 2.0813310146331787)","('!', 'UP', 2.182663917541504)"
"('p', 'DOWN', 2.1457672119140625e-06)","('a', 'DOWN', 0.10127902030944824)","('p', 'UP', 0.11175084114074707)","('a', 'UP', 0.2019200325012207)","('s', 'DOWN', 0.30363917350769043)","('s', 'UP', 0.40487194061279297)","('s', 'DOWN', 0.46109700202941895)","('s', 'UP', 0.5732789039611816)","('W', 'DOWN', 1.001162052154541)","('W', 'UP', 1.1138060092926025)","('0', 'DOWN', 1.304893970489502)","('0', 'UP', 1.4172019958496094)","('r', 'DOWN', 1.462364912033081)","('r', 'UP', 1.552198886871338)","('d', 'DOWN', 1.6761069297790527)","('d', 'UP', 1.777358055114746)","('!', 'DOWN', 2.035989999771118)","('!', 'UP', 2.12621808052063)"
"('p', 'DOWN', 2.1457672119140625e-06)","('p', 'UP', 0.10120415687561035)","('a', 'DOWN', 0.2362051010131836)","('a', 'UP', 0.3598020076751709)","('s', 'DOWN', 0.49483203887939453)","('s', 'UP', 0.5736870765686035)","('s', 'DOWN', 0.6412560939788818)","('s', 'UP', 0.7311971187591553)","('W', 'DOWN', 0.9224841594696045)","('W', 'UP', 1.0463409423828125)","('0', 'DOWN', 1.2373242378234863)","('0', 'UP', 1.349816083908081)","('r', 'DOWN', 1.4286112785339355)","('r', 'UP', 1.541193962097168)","('d', 'DOWN', 1.6652040481567383)","('d', 'UP', 1.7774269580841064)","('!', 'DOWN', 1.9913361072540283)","('!', 'UP', 2.0928258895874023)"
"('p', 'DOWN', 2.1457672119140625e-06)","('p', 'UP', 0.10122895240783691)","('a', 'DOWN', 0.1125481128692627)","('a', 'UP', 0.22485899925231934)","('s', 'DOWN', 0.3486311435699463)","('s', 'UP', 0.4499020576477051)","('s', 'DOWN', 0.5288090705871582)","('s', 'UP', 0.5961699485778809)","('W', 'DOWN', 0.8663082122802734)","('W', 'UP', 0.945214033126831)","('0', 'DOWN', 1.1248750686645508)","('0', 'UP', 1.2484979629516602)","('r', 'DOWN', 1.2823998928070068)","('r', 'UP', 1.3610601425170898)","('d', 'DOWN', 1.4736530780792236)","('d', 'UP', 1.574599027633667)","('!', 'DOWN', 1.7887308597564697)","('!', 'UP', 1.8561480045318604)"
"('p', 'DOWN', 1.9073486328125e-06)","('p', 'UP', 0.10137581825256348)","('a', 'DOWN', 0.11249399185180664)","('a', 'UP', 0.21360206604003906)","('s', 'DOWN', 0.3380129337310791)","('s', 'UP', 0.416273832321167)","('s', 'DOWN', 0.47268080711364746)","('s', 'UP', 0.585015058517456)","('W', 'DOWN', 0.7651340961456299)","('W', 'UP', 0.8325817584991455)","('0', 'DOWN', 1.0126588344573975)","('0', 'UP', 1.113792896270752)","('r', 'DOWN', 1.147704839706421)","('r', 'UP', 1.237441062927246)","('d', 'DOWN', 1.710101842880249)","('d', 'UP', 1.799785852432251)","('!', 'DOWN', 2.0925707817077637)","('!', 'UP', 2.182687997817993)"
"('p', 'DOWN', 3.0994415283203125e-06)","('p', 'UP', 0.11232924461364746)","('a', 'DOWN', 0.13509511947631836)","('a', 'UP', 0.23626422882080078)","('s', 'DOWN', 0.3375060558319092)","('s', 'UP', 0.4161710739135742)","('s', 'DOWN', 0.4837312698364258)","('s', 'UP', 0.5960502624511719)","('W', 'DOWN', 0.7649829387664795)","('W', 'UP', 0.8884882926940918)","('0', 'DOWN', 1.0462381839752197)","('0', 'UP', 1.158522129058838)","('r', 'DOWN', 1.1699450016021729)","('r', 'UP', 1.2597832679748535)","('d', 'DOWN', 1.3724660873413086)","('d', 'UP', 1.473613977432251)","('!', 'DOWN', 1.6199941635131836)","('!', 'UP', 1.710155963897705)"
"('p', 'DOWN', 3.0994415283203125e-06)","('p', 'UP', 0.11249709129333496)","('a', 'DOWN', 0.12378907203674316)","('a', 'UP', 0.2138211727142334)","('s', 'DOWN', 0.3264181613922119)","('s', 'UP', 0.4050180912017822)","('s', 'DOWN', 0.4954061508178711)","('s', 'UP', 0.573742151260376)","('W', 'DOWN', 0.7764012813568115)","('W', 'UP', 0.8774981498718262)","('0', 'DOWN', 1.0576629638671875)","('0', 'UP', 1.1700410842895508)","('r', 'DOWN', 1.1812002658843994)","('r', 'UP', 1.2712130546569824)","('d', 'DOWN', 1.350121021270752)","('d', 'UP', 1.4400639533996582)","('!', 'DOWN', 1.6313762664794922)","('!', 'UP', 1.7551841735839844)"
"('p', 'DOWN', 2.1457672119140625e-06)","('p', 'UP', 0.08974838256835938)","('a', 'DOWN', 0.10127520561218262)","('a', 'UP', 0.202437162399292)","('s', 'DOWN', 0.3037252426147461)","('s', 'UP', 0.39345216751098633)","('s', 'DOWN', 0.46117615699768066)","('s', 'UP', 0.551133394241333)","('W', 'DOWN', 0.7538843154907227)","('W', 'UP', 0.8772830963134766)","('0', 'DOWN', 1.0801212787628174)","('0', 'UP', 1.1924152374267578)","('r', 'DOWN', 1.2037742137908936)","('r', 'UP', 1.2824132442474365)","('d', 'DOWN', 1.395158052444458)","('d', 'UP', 1.5073091983795166)","('!', 'DOWN', 1.7099733352661133)","('!', 'UP', 1.8113694190979004)"
"('p', 'DOWN', 3.0994415283203125e-06)","('p', 'UP', 0.12362289428710938)","('a', 'DOWN', 0.12444901466369629)","('a', 'UP', 0.2360990047454834)","('s', 'DOWN', 0.348721981048584)","('s', 'UP', 0.4046618938446045)","('s', 'DOWN', 0.5060150623321533)","('s', 'UP', 0.5848608016967773)","('W', 'DOWN', 0.798698902130127)","('W', 'UP', 0.9223120212554932)","('0', 'DOWN', 1.0686547756195068)","('r', 'DOWN', 1.1700947284698486)","('r', 'UP', 1.1805858612060547)","('0', 'UP', 1.181046962738037)","('d', 'DOWN', 1.3611860275268555)","('d', 'UP', 1.4734928607940674)","('!', 'DOWN', 1.6536498069763184)","('!', 'UP', 1.7661488056182861)"
"('p', 'DOWN', 3.0994415283203125e-06)","('a', 'DOWN', 0.10144495964050293)","('p', 'UP', 0.11186599731445312)","('a', 'UP', 0.20252203941345215)","('s', 'DOWN', 0.3151588439941406)","('s', 'UP', 0.39366793632507324)","('s', 'DOWN', 0.46135687828063965)","('s', 'UP', 0.5736629962921143)","('W', 'DOWN', 0.7763519287109375)","('W', 'UP', 0.8888909816741943)","('0', 'DOWN', 1.1025691032409668)","('0', 'UP', 1.2260949611663818)","('r', 'DOWN', 1.248718023300171)","('r', 'UP', 1.3273918628692627)","('d', 'DOWN', 1.451322078704834)","('d', 'UP', 1.541018009185791)","('!', 'DOWN', 1.7551531791687012)","('!', 'UP', 1.867478847503662)"
"('p', 'DOWN', 2.1457672119140625e-06)","('p', 'UP', 0.11267518997192383)","('a', 'DOWN', 0.12362289428710938)","('a', 'UP', 0.22502493858337402)","('s', 'DOWN', 0.3375060558319092)","('s', 'UP', 0.3936920166015625)","('s', 'DOWN', 0.4613041877746582)","('s', 'UP', 0.5849869251251221)","('W', 'DOWN', 0.7649941444396973)","('W', 'UP', 0.8439297676086426)","('0', 'DOWN', 1.0236427783966064)","('r', 'DOWN', 1.136429786682129)","('0', 'UP', 1.1469459533691406)","('r', 'UP', 1.214920997619629)","('d', 'DOWN', 1.338939905166626)","('d', 'UP', 1.4174768924713135)","('!', 'DOWN', 1.5862128734588623)","('!', 'UP', 1.7213618755340576)"
"('p', 'DOWN', 3.0994415283203125e-06)","('a', 'DOWN', 0.10118794441223145)","('p', 'UP', 0.12349414825439453)","('a', 'UP', 0.19123387336730957)","('s', 'DOWN', 0.2588808536529541)","('s', 'UP', 0.34886598587036133)","('s', 'DOWN', 0.4273810386657715)","('s', 'UP', 0.5061538219451904)","('W', 'DOWN', 0.6973738670349121)","('W', 'UP', 0.7653071880340576)","('0', 'DOWN', 0.8888869285583496)","('0', 'UP', 1.0124530792236328)","('r', 'DOWN', 1.0352709293365479)","('r', 'UP', 1.1026060581207275)","('d', 'DOWN', 1.2262990474700928)","('d', 'UP', 1.3163108825683594)","('!', 'DOWN', 1.5415117740631104)","('!', 'UP', 1.6650118827819824)"
"('p', 'DOWN', 3.0994415283203125e-06)","('p', 'UP', 0.11252117156982422)","('a', 'DOWN', 0.1350390911102295)","('a', 'UP', 0.2363593578338623)","('s', 'DOWN', 0.3376772403717041)","('s', 'UP', 0.41623830795288086)","('s', 'DOWN', 0.4837942123413086)","('s', 'UP', 0.5849721431732178)","('W', 'DOWN', 0.7760510444641113)","('W', 'UP', 0.8438363075256348)","('0', 'DOWN', 1.0011510848999023)","('r', 'DOWN', 1.124861240386963)","('0', 'UP', 1.1361801624298096)","('r', 'UP', 1.2149512767791748)","('d', 'DOWN', 1.3274590969085693)","('d', 'UP', 1.4174022674560547)","('!', 'DOWN', 1.6199979782104492)","('!', 'UP', 1.7326610088348389)"
"('p', 'DOWN', 3.0994415283203125e-06)","('a', 'DOWN', 0.12260293960571289)","('p', 'UP', 0.13373112678527832)","('a', 'UP', 0.22368478775024414)","('s', 'DOWN', 0.3250110149383545)","('s', 'UP', 0.40390706062316895)","('s', 'DOWN', 0.482468843460083)","('s', 'UP', 0.5614709854125977)","('W', 'DOWN', 0.7408850193023682)","('W', 'UP', 0.8200011253356934)","('0', 'DOWN', 0.9887409210205078)","('0', 'UP', 1.0899851322174072)","('r', 'DOWN', 1.1012358665466309)","('r', 'UP', 1.1685991287231445)","('d', 'DOWN', 1.3150179386138916)","('d', 'UP', 1.4386789798736572)","('!', 'DOWN', 1.6299870014190674)","('!', 'UP', 1.7314748764038086)"
"('p', 'DOWN', 2.86102294921875e-06)","('a', 'DOWN', 0.1122279167175293)","('p', 'UP', 0.13598108291625977)","('a', 'UP', 0.21347999572753906)","('s', 'DOWN', 0.3257300853729248)","('s', 'UP', 0.3821909427642822)","('s', 'DOWN', 0.4609968662261963)","('s', 'UP', 0.550537109375)","('W', 'DOWN', 0.7195751667022705)","('W', 'UP', 0.7985291481018066)","('0', 'DOWN', 0.9334709644317627)","('r', 'DOWN', 1.0685241222381592)","('0', 'UP', 1.0794780254364014)","('r', 'UP', 1.1360349655151367)","('d', 'DOWN', 1.25972318649292)","('d', 'UP', 1.3495938777923584)","('!', 'DOWN', 1.5298221111297607)","('!', 'UP', 1.6533629894256592)"
"('p', 'DOWN', 2.1457672119140625e-06)","('a', 'DOWN', 0.13528227806091309)","('p', 'UP', 0.14603018760681152)","('a', 'UP', 0.24763011932373047)","('s', 'DOWN', 0.3152890205383301)","('s', 'UP', 0.4165949821472168)","('s', 'DOWN', 0.4841752052307129)","('s', 'UP', 0.5739738941192627)","('W', 'DOWN', 0.7765200138092041)","('W', 'UP', 0.8891639709472656)","('0', 'DOWN', 1.0013720989227295)","('0', 'UP', 1.1140000820159912)","('r', 'DOWN', 1.1250731945037842)","('r', 'UP', 1.2152180671691895)","('d', 'DOWN', 1.3727281093597412)","('d', 'UP', 1.4401531219482422)","('!', 'DOWN', 1.6877391338348389)","('!', 'UP', 1.8113999366760254)"
"('p', 'DOWN', 3.0994415283203125e-06)","('a', 'DOWN', 0.13496708869934082)","('p', 'UP', 0.1456749439239502)","('a', 'UP', 0.22495508193969727)","('s', 'DOWN', 0.33737897872924805)","('s', 'UP', 0.39355897903442383)","('s', 'DOWN', 0.48363494873046875)","('s', 'UP', 0.5737080574035645)","('W', 'DOWN', 0.8998551368713379)","('W', 'UP', 1.0235660076141357)","('0', 'DOWN', 1.2148559093475342)","('0', 'UP', 1.3161370754241943)","('r', 'DOWN', 1.3500289916992188)","('r', 'UP', 1.4284842014312744)","('d', 'DOWN', 1.5411052703857422)","('d', 'UP', 1.6310341358184814)","('!', 'DOWN', 1.856234073638916)","('!', 'UP', 1.9574830532073975)"
"('p', 'DOWN', 3.0994415283203125e-06)","('p', 'UP', 0.1349031925201416)","('a', 'DOWN', 0.14620590209960938)","('a', 'UP', 0.2588350772857666)","('s', 'DOWN', 0.35994911193847656)","('s', 'UP', 0.44989895820617676)","('s', 'DOWN', 0.5173211097717285)","('s', 'UP', 0.629838228225708)","('W', 'DOWN', 0.8324332237243652)","('W', 'UP', 0.9339699745178223)","('0', 'DOWN', 1.0913560390472412)","('0', 'UP', 1.2036919593811035)","('r', 'DOWN', 1.2148079872131348)","('r', 'UP', 1.3048791885375977)","('d', 'DOWN', 1.4288561344146729)","('d', 'UP', 1.5186381340026855)","('!', 'DOWN', 2.0588080883026123)","('!', 'UP', 2.1711528301239014)"
"('p', 'DOWN', 1.9073486328125e-06)","('p', 'UP', 0.11245393753051758)","('a', 'DOWN', 0.13503193855285645)","('a', 'UP', 0.23627090454101562)","('s', 'DOWN', 0.3824748992919922)","('s', 'UP', 0.43863701820373535)","('s', 'DOWN', 0.5176699161529541)","('s', 'UP', 0.6187319755554199)","('W', 'DOWN', 0.8774588108062744)","('W', 'UP', 0.9899399280548096)","('0', 'DOWN', 1.1138019561767578)","('0', 'UP', 1.226247787475586)","('r', 'DOWN', 1.2487506866455078)","('r', 'UP', 1.3274250030517578)","('d', 'DOWN', 1.4511959552764893)","('d', 'UP', 1.5186760425567627)","('!', 'DOWN', 1.8336849212646484)","('!', 'UP', 1.9128339290618896)"
"('p', 'DOWN', 1.9073486328125e-06)","('p', 'UP', 0.10124063491821289)","('a', 'DOWN', 0.11246991157531738)","('a', 'UP', 0.21377301216125488)","('s', 'DOWN', 0.3149878978729248)","('s', 'UP', 0.38214969635009766)","('s', 'DOWN', 0.449908971786499)","('s', 'UP', 0.5512969493865967)","('W', 'DOWN', 0.7424578666687012)","('W', 'UP', 0.8323929309844971)","('0', 'DOWN', 1.001128911972046)","('0', 'UP', 1.1248879432678223)","('r', 'DOWN', 1.13627290725708)","('r', 'UP', 1.203918695449829)","('d', 'DOWN', 1.3163247108459473)","('d', 'UP', 1.4062488079071045)","('!', 'DOWN', 1.5863127708435059)","('!', 'UP', 1.6762418746948242)"
"('p', 'DOWN', 1.9073486328125e-06)","('p', 'UP', 0.08993387222290039)","('a', 'DOWN', 0.11240577697753906)","('a', 'UP', 0.21367311477661133)","('s', 'DOWN', 0.32624077796936035)","('s', 'UP', 0.38246989250183105)","('s', 'DOWN', 0.47248291969299316)","('s', 'UP', 0.5736570358276367)","('W', 'DOWN', 1.1699600219726562)","('W', 'UP', 1.2824358940124512)","('0', 'DOWN', 1.4624741077423096)","('0', 'UP', 1.5860991477966309)","('r', 'DOWN', 1.642467975616455)","('r', 'UP', 1.721182107925415)","('d', 'DOWN', 1.8338279724121094)","('d', 'UP', 1.9124231338500977)","('!', 'DOWN', 2.1038320064544678)","('!', 'UP', 2.205509901046753)"
"('p', 'DOWN', 1.9073486328125e-06)","('p', 'UP', 0.0898427963256836)","('a', 'DOWN', 0.14625787734985352)","('a', 'UP', 0.24747800827026367)","('s', 'DOWN', 0.3262169361114502)","('s', 'UP', 0.40493202209472656)","('s', 'DOWN', 0.47242188453674316)","('s', 'UP', 0.5624430179595947)","('W', 'DOWN', 0.7533318996429443)","('W', 'UP', 0.8438258171081543)","('0', 'DOWN', 0.9561989307403564)","('0', 'UP', 1.09128999710083)","('r', 'DOWN', 1.1024539470672607)","('r', 'UP', 1.1699309349060059)","('d', 'DOWN', 1.2824528217315674)","('d', 'UP', 1.3837270736694336)","('!', 'DOWN', 1.574950933456421)","('!', 'UP', 1.6874191761016846)"
"('p', 'DOWN', 2.1457672119140625e-06)","('a', 'DOWN', 0.1236269474029541)","('p', 'UP', 0.14622807502746582)","('a', 'UP', 0.22495007514953613)","('s', 'DOWN', 0.3149690628051758)","('s', 'UP', 0.382702112197876)","('s', 'DOWN', 0.4724559783935547)","('s', 'UP', 0.551285982131958)","('W', 'DOWN', 0.7202160358428955)","('W', 'UP', 0.8216278553009033)","('0', 'DOWN', 0.933696985244751)","('r', 'DOWN', 1.0687930583953857)","('0', 'UP', 1.0909309387207031)","('r', 'UP', 1.1363909244537354)","('d', 'DOWN', 1.2486951351165771)","('d', 'UP', 1.3385670185089111)","('!', 'DOWN', 1.496335744857788)","('!', 'UP', 1.6202130317687988)"
"('p', 'DOWN', 3.0994415283203125e-06)","('a', 'DOWN', 0.12377810478210449)","('p', 'UP', 0.1343221664428711)","('a', 'UP', 0.22498512268066406)","('s', 'DOWN', 0.3375222682952881)","('s', 'UP', 0.4050302505493164)","('s', 'DOWN', 0.47260618209838867)","('s', 'UP', 0.5849852561950684)","('W', 'DOWN', 0.7649831771850586)","('W', 'UP', 0.8776781558990479)","('0', 'DOWN', 1.0125093460083008)","('0', 'UP', 1.1250123977661133)","('r', 'DOWN', 1.1361000537872314)","('r', 'UP', 1.2150671482086182)","('d', 'DOWN', 1.3387162685394287)","('d', 'UP', 1.428626298904419)","('!', 'DOWN', 1.6537280082702637)","('!', 'UP', 1.77736496925354)"
"('p', 'DOWN', 2.1457672119140625e-06)","('p', 'UP', 0.1126101016998291)","('a', 'DOWN', 0.12370824813842773)","('a', 'UP', 0.2250962257385254)","('s', 'DOWN', 0.31511497497558594)","('s', 'UP', 0.3938450813293457)","('s', 'DOWN', 0.4724888801574707)","('s', 'UP', 0.5625841617584229)","('W', 'DOWN', 0.7876651287078857)","('W', 'UP', 0.8890659809112549)","('0', 'DOWN', 1.0463371276855469)","('r', 'DOWN', 1.1700241565704346)","('0', 'UP', 1.181028127670288)","('r', 'UP', 1.2601699829101562)","('d', 'DOWN', 1.3614590167999268)","('d', 'UP', 1.4402339458465576)","('!', 'DOWN', 1.631460189819336)","('!', 'UP', 1.7328901290893555)"
"('p', 'DOWN', 2.86102294921875e-06)","('a', 'DOWN', 0.10129499435424805)","('p', 'UP', 0.12361812591552734)","('a', 'UP', 0.21375799179077148)","('s', 'DOWN', 0.2926158905029297)","('s', 'UP', 0.35999298095703125)","('s', 'DOWN', 0.43879199028015137)","('s', 'UP', 0.5400269031524658)","('W', 'DOWN', 0.731255054473877)","('W', 'UP', 0.8437390327453613)","('0', 'DOWN', 1.0237488746643066)","('r', 'DOWN', 1.136260986328125)","('0', 'UP', 1.158527135848999)","('r', 'UP', 1.2149829864501953)","('d', 'DOWN', 1.3499548435211182)","('d', 'UP', 1.4175031185150146)","('!', 'DOWN', 1.6313509941101074)","('!', 'UP', 1.7212071418762207)"
"('p', 'DOWN', 1.9073486328125e-06)","('a', 'DOWN', 0.06808018684387207)","('p', 'UP', 0.10094308853149414)","('a', 'UP', 0.15753793716430664)","('s', 'DOWN', 0.30396103858947754)","('s', 'UP', 0.371427059173584)","('s', 'DOWN', 0.4613680839538574)","('s', 'UP', 0.5739350318908691)","('W', 'DOWN', 0.8213748931884766)","('W', 'UP', 0.9226639270782471)","('0', 'DOWN', 1.0692269802093506)","('0', 'UP', 1.1815481185913086)","('r', 'DOWN', 1.2602200508117676)","('r', 'UP', 1.3501429557800293)","('d', 'DOWN', 1.49652099609375)","('d', 'UP', 1.5752170085906982)","('!', 'DOWN', 1.7664618492126465)","('!', 'UP', 1.8678851127624512)"
"('p', 'DOWN', 3.0994415283203125e-06)","('a', 'DOWN', 0.10122108459472656)","('p', 'UP', 0.12339186668395996)","('a', 'UP', 0.20245695114135742)","('s', 'DOWN', 0.32611608505249023)","('s', 'UP', 0.39358997344970703)","('s', 'DOWN', 0.48345375061035156)","('s', 'UP', 0.5959851741790771)","('W', 'DOWN', 0.832319974899292)","('W', 'UP', 0.9449660778045654)","('0', 'DOWN', 1.147474765777588)","('r', 'DOWN', 1.2599389553070068)","('0', 'UP', 1.2708337306976318)","('r', 'UP', 1.3274328708648682)","('d', 'DOWN', 1.4850318431854248)","('d', 'UP', 1.574920892715454)","('!', 'DOWN', 1.8673770427703857)","('!', 'UP', 1.9910469055175781)"
"('p', 'DOWN', 1.9073486328125e-06)","('a', 'DOWN', 0.11270785331726074)","('p', 'UP', 0.12337088584899902)","('a', 'UP', 0.21369695663452148)","('s', 'DOWN', 0.34869980812072754)","('s', 'UP', 0.42749691009521484)","('s', 'DOWN', 0.5061428546905518)","('s', 'UP', 0.6076617240905762)","('W', 'DOWN', 0.8101239204406738)","('W', 'UP', 0.9115228652954102)","('0', 'DOWN', 1.0464489459991455)","('0', 'UP', 1.158843755722046)","('r', 'DOWN', 1.169964075088501)","('r', 'UP', 1.2489128112792969)","('d', 'DOWN', 1.361353874206543)","('d', 'UP', 1.462660789489746)","('!', 'DOWN', 1.6425538063049316)","('!', 'UP', 1.7552649974822998)"
"('p', 'DOWN', 2.86102294921875e-06)","('p', 'UP', 0.10125613212585449)","('a', 'DOWN', 0.1912229061126709)","('a', 'UP', 0.3262491226196289)","('s', 'DOWN', 0.44972991943359375)","('s', 'UP', 0.5399830341339111)","('s', 'DOWN', 0.6074628829956055)","('s', 'UP', 0.7086689472198486)","('W', 'DOWN', 0.9336788654327393)","('W', 'UP', 1.0574097633361816)","('0', 'DOWN', 1.2376048564910889)","('r', 'DOWN', 1.3724679946899414)","('0', 'UP', 1.3833839893341064)","('r', 'UP', 1.451219081878662)","('d', 'DOWN', 1.5749380588531494)","('d', 'UP', 1.67616605758667)","('!', 'DOWN', 1.8561818599700928)","('!', 'UP', 1.9798779487609863)"
"('p', 'DOWN', 1.9073486328125e-06)","('p', 'UP', 0.10123682022094727)","('a', 'DOWN', 0.14621210098266602)","('a', 'UP', 0.2250227928161621)","('s', 'DOWN', 0.337277889251709)","('s', 'UP', 0.41620588302612305)","('s', 'DOWN', 0.5063998699188232)","('s', 'UP', 0.5850019454956055)","('W', 'DOWN', 0.7762191295623779)","('W', 'UP', 0.8774588108062744)","('0', 'DOWN', 1.0574469566345215)","('r', 'DOWN', 1.1587679386138916)","('0', 'UP', 1.1925318241119385)","('r', 'UP', 1.2374780178070068)","('d', 'DOWN', 1.372434139251709)","('d', 'UP', 1.4848649501800537)","('!', 'DOWN', 1.6649460792541504)","('!', 'UP', 1.7776298522949219)"
"('p', 'DOWN', 3.0994415283203125e-06)","('p', 'UP', 0.12363505363464355)","('a', 'DOWN', 0.13501811027526855)","('a', 'UP', 0.2250843048095703)","('s', 'DOWN', 0.3599581718444824)","('s', 'UP', 0.42751312255859375)","('s', 'DOWN', 0.5062310695648193)","('s', 'UP', 0.6074340343475342)","('W', 'DOWN', 0.7987289428710938)","('W', 'UP', 0.9224982261657715)","('0', 'DOWN', 1.079775094985962)","('0', 'UP', 1.2264420986175537)","('r', 'DOWN', 1.227121353149414)","('r', 'UP', 1.3276050090789795)","('d', 'DOWN', 1.5750632286071777)","('d', 'UP', 1.6986041069030762)","('!', 'DOWN', 1.9800610542297363)","('!', 'UP', 2.1150381565093994)"
"('p', 'DOWN', 1.6689300537109375e-06)","('p', 'UP', 0.1347959041595459)","('a', 'DOWN', 0.15741276741027832)","('a', 'UP', 0.25887060165405273)","('s', 'DOWN', 0.3371000289916992)","('s', 'UP', 0.42729878425598145)","('s', 'DOWN', 0.5174846649169922)","('s', 'UP', 0.6300058364868164)","('W', 'DOWN', 0.8324227333068848)","('W', 'UP', 0.9562728404998779)","('0', 'DOWN', 1.1137118339538574)","('r', 'DOWN', 1.260084867477417)","('0', 'UP', 1.260847806930542)","('r', 'UP', 1.3385467529296875)","('d', 'DOWN', 1.4624638557434082)","('d', 'UP', 1.5637257099151611)","('!', 'DOWN', 1.7774336338043213)","('!', 'UP', 1.9124438762664795)"
"('p', 'DOWN', 3.0994415283203125e-06)","('p', 'UP', 0.14617919921875)","('a', 'DOWN', 0.2137150764465332)","('a', 'UP', 0.3035919666290283)","('s', 'DOWN', 0.46118903160095215)","('s', 'UP', 0.5511019229888916)","('s', 'DOWN', 0.6185281276702881)","('s', 'UP', 0.720444917678833)","('W', 'DOWN', 0.922572135925293)","('W', 'UP', 1.035048007965088)","('0', 'DOWN', 1.181199073791504)","('r', 'DOWN', 1.304922103881836)","('0', 'UP', 1.316382884979248)","('r', 'UP', 1.4062740802764893)","('d', 'DOWN', 1.5300440788269043)","('d', 'UP', 1.6199500560760498)","('!', 'DOWN', 1.8339340686798096)","('!', 'UP', 1.9352171421051025)"
"('p', 'DOWN', 1.9073486328125e-06)","('p', 'UP', 0.1013648509979248)","('a', 'DOWN', 0.20261287689208984)","('a', 'UP', 0.3264009952545166)","('s', 'DOWN', 0.4501039981842041)","('s', 'UP', 0.5176370143890381)","('s', 'DOWN', 0.5965569019317627)","('s', 'UP', 0.6976299285888672)","('W', 'DOWN', 1.361440896987915)","('W', 'UP', 1.507370948791504)","('0', 'DOWN', 1.9801828861236572)","('0', 'UP', 2.0700669288635254)","('r', 'DOWN', 2.160217046737671)","('r', 'UP', 2.2389180660247803)","('d', 'DOWN', 2.3626458644866943)","('d', 'UP', 2.4525680541992188)","('!', 'DOWN', 2.6326708793640137)","('!', 'UP', 2.7341439723968506)"
"('p', 'DOWN', 6.9141387939453125e-06)","('p', 'UP', 0.10051107406616211)","('a', 'DOWN', 0.12307500839233398)","('a', 'UP', 0.2130429744720459)","('s', 'DOWN', 0.46053600311279297)","('s', 'UP', 0.5730302333831787)","('s', 'DOWN', 0.640559196472168)","('s', 'UP', 0.7530460357666016)","('W', 'DOWN', 0.9892978668212891)","('W', 'UP', 1.0681920051574707)","('0', 'DOWN', 1.225572109222412)","('0', 'UP', 1.3491928577423096)","('r', 'DOWN', 1.3717749118804932)","('r', 'UP', 1.4282920360565186)","('d', 'DOWN', 1.5404999256134033)","('d', 'UP', 1.653019905090332)","('!', 'DOWN', 1.866758108139038)","('!', 'UP', 1.9569342136383057)"
"('p', 'DOWN', 1.6689300537109375e-06)","('p', 'UP', 0.09786295890808105)","('a', 'DOWN', 0.10918307304382324)","('s', 'DOWN', 0.22147893905639648)","('a', 'UP', 0.2547488212585449)","('s', 'UP', 0.28903675079345703)","('s', 'DOWN', 0.36809301376342773)","('s', 'UP', 0.49152183532714844)","('W', 'DOWN', 0.6829268932342529)","('W', 'UP', 0.8181419372558594)","('0', 'DOWN', 1.031585693359375)","('0', 'UP', 1.1215050220489502)","('r', 'DOWN', 1.132925033569336)","('r', 'UP', 1.222688913345337)","('d', 'DOWN', 1.312706708908081)","('d', 'UP', 1.4027128219604492)","('!', 'DOWN', 1.5603420734405518)","('!', 'UP', 1.6620078086853027)"
"('p', 'DOWN', 2.1457672119140625e-06)","('a', 'DOWN', 0.08994793891906738)","('p', 'UP', 0.10065507888793945)","('a', 'UP', 0.21355485916137695)","('s', 'DOWN', 0.21399307250976562)","('s', 'UP', 0.2812039852142334)","('s', 'DOWN', 0.38219594955444336)","('s', 'UP', 0.48334789276123047)","('W', 'DOWN', 0.6523959636688232)","('W', 'UP', 0.753972053527832)","('0', 'DOWN', 0.8774781227111816)","('0', 'UP', 0.9786701202392578)","('r', 'DOWN', 1.001047134399414)","('r', 'UP', 1.0800471305847168)","('d', 'DOWN', 1.1700599193572998)","('d', 'UP', 1.2599339485168457)","('!', 'DOWN', 1.3949670791625977)","('!', 'UP', 1.4850800037384033)"
"('p', 'DOWN', 1.9073486328125e-06)","('a', 'DOWN', 0.10064291954040527)","('p', 'UP', 0.11181163787841797)","('a', 'UP', 0.19086098670959473)","('s', 'DOWN', 0.2812049388885498)","('s', 'UP', 0.34845590591430664)","('s', 'DOWN', 0.42737770080566406)","('s', 'UP', 0.5059897899627686)","('W', 'DOWN', 0.6857578754425049)","('W', 'UP', 0.7651667594909668)","('0', 'DOWN', 0.8885388374328613)","('0', 'UP', 1.0234386920928955)","('r', 'DOWN', 1.0686557292938232)","('r', 'UP', 1.1030247211456299)","('d', 'DOWN', 1.2597780227661133)","('d', 'UP', 1.3609538078308105)","('!', 'DOWN', 1.5636417865753174)","('!', 'UP', 1.6424949169158936)"
"('p', 'DOWN', 2.1457672119140625e-06)","('p', 'UP', 0.11215996742248535)","('a', 'DOWN', 0.13500118255615234)","('a', 'UP', 0.2249312400817871)","('s', 'DOWN', 0.314953088760376)","('s', 'UP', 0.3821439743041992)","('s', 'DOWN', 0.4500002861022949)","('s', 'UP', 0.5397341251373291)","('W', 'DOWN', 0.8099491596221924)","('W', 'UP', 0.9221291542053223)","('0', 'DOWN', 1.057347059249878)","('0', 'UP', 1.1697351932525635)","('r', 'DOWN', 1.2036800384521484)","('r', 'UP', 1.3049142360687256)","('d', 'DOWN', 1.394935131072998)","('d', 'UP', 1.4959931373596191)","('!', 'DOWN', 1.642477035522461)","('!', 'UP', 1.743718147277832)"
"('p', 'DOWN', 2.1457672119140625e-06)","('p', 'UP', 0.08966422080993652)","('a', 'DOWN', 0.14622735977172852)","('a', 'UP', 0.23599839210510254)","('s', 'DOWN', 0.3600020408630371)","('s', 'UP', 0.41567325592041016)","('s', 'DOWN', 0.49506616592407227)","('s', 'UP', 0.5846502780914307)","('W', 'DOWN', 0.7761631011962891)","('W', 'UP', 0.8662400245666504)","('0', 'DOWN', 1.0011792182922363)","('r', 'DOWN', 1.1135270595550537)","('0', 'UP', 1.1241962909698486)","('r', 'UP', 1.1923413276672363)","('d', 'DOWN', 1.2936573028564453)","('d', 'UP', 1.3834822177886963)","('!', 'DOWN', 1.6198830604553223)","('!', 'UP', 1.743596076965332)"
"('p', 'DOWN', 3.0994415283203125e-06)","('p', 'UP', 0.11233305931091309)","('a', 'DOWN', 0.12357926368713379)","('a', 'UP', 0.21367502212524414)","('s', 'DOWN', 0.3039529323577881)","('s', 'UP', 0.37126922607421875)","('s', 'DOWN', 0.4500889778137207)","('s', 'UP', 0.5511760711669922)","('W', 'DOWN', 0.7201223373413086)","('W', 'UP', 0.8438773155212402)","('0', 'DOWN', 1.0462121963500977)","('0', 'UP', 1.1472971439361572)","('r', 'DOWN', 1.1812632083892822)","('r', 'UP', 1.2599260807037354)","('d', 'DOWN', 1.3838143348693848)","('d', 'UP', 1.496164321899414)","('!', 'DOWN', 1.6762850284576416)","('!', 'UP', 1.8001112937927246)"
"('p', 'DOWN', 2.1457672119140625e-06)","('p', 'UP', 0.12367391586303711)","('a', 'DOWN', 0.13501596450805664)","('a', 'UP', 0.23609399795532227)","('s', 'DOWN', 0.3488142490386963)","('s', 'UP', 0.4161500930786133)","('s', 'DOWN', 0.49497008323669434)","('s', 'UP', 0.5961160659790039)","('W', 'DOWN', 0.7762041091918945)","('W', 'UP', 0.8776369094848633)","('0', 'DOWN', 1.0013461112976074)","('0', 'UP', 1.1135880947113037)","('r', 'DOWN', 1.124864101409912)","('r', 'UP', 1.2033321857452393)","('d', 'DOWN', 1.3051190376281738)","('d', 'UP', 1.3947091102600098)","('!', 'DOWN', 1.5749619007110596)","('!', 'UP', 1.6649410724639893)"
"('p', 'DOWN', 1.9073486328125e-06)","('p', 'UP', 0.10120797157287598)","('a', 'DOWN', 0.12365508079528809)","('a', 'UP', 0.2360830307006836)","('s', 'DOWN', 0.31513214111328125)","('s', 'UP', 0.39371299743652344)","('s', 'DOWN', 0.48390913009643555)","('s', 'UP', 0.5626339912414551)","('W', 'DOWN', 0.7650978565216064)","('W', 'UP', 0.9002010822296143)","('0', 'DOWN', 1.023756980895996)","('0', 'UP', 1.1473031044006348)","('r', 'DOWN', 1.181196928024292)","('r', 'UP', 1.2711598873138428)","('d', 'DOWN', 1.3949689865112305)","('d', 'UP', 1.49617600440979)","('!', 'DOWN', 1.6988019943237305)","('!', 'UP', 1.7777011394500732)"
"('p', 'DOWN', 1.9073486328125e-06)","('p', 'UP', 0.11255192756652832)","('a', 'DOWN', 0.12353801727294922)","('a', 'UP', 0.21361589431762695)","('s', 'DOWN', 0.33742380142211914)","('s', 'UP', 0.4047980308532715)","('s', 'DOWN', 0.49483180046081543)","('s', 'UP', 0.5847837924957275)","('W', 'DOWN', 0.787449836730957)","('W', 'UP', 0.8774547576904297)","('0', 'DOWN', 0.989778995513916)","('r', 'DOWN', 1.1024258136749268)","('0', 'UP', 1.1247289180755615)","('r', 'UP', 1.1697819232940674)","('d', 'DOWN', 1.2824478149414062)","('d', 'UP', 1.3607969284057617)","('!', 'DOWN', 1.552414894104004)","('!', 'UP', 1.653517723083496)"
"('p', 'DOWN', 1.9073486328125e-06)","('p', 'UP', 0.08970189094543457)","('a', 'DOWN', 0.17992091178894043)","('a', 'UP', 0.28113484382629395)","('s', 'DOWN', 0.39377593994140625)","('s', 'UP', 0.4724550247192383)","('s', 'DOWN', 0.5399918556213379)","('s', 'UP', 0.6186420917510986)","('W', 'DOWN', 1.0011069774627686)","('W', 'UP', 1.1135780811309814)","('0', 'DOWN', 1.3613479137420654)","('0', 'UP', 1.496204137802124)","('r', 'DOWN', 1.5303151607513428)","('r', 'UP', 1.6087360382080078)","('d', 'DOWN', 1.7212140560150146)","('d', 'UP', 1.8225340843200684)","('!', 'DOWN', 2.002561092376709)","('!', 'UP', 2.1037940979003906)"
"('p', 'DOWN', 2.1457672119140625e-06)","('p', 'UP', 0.10124611854553223)","('a', 'DOWN', 0.13513493537902832)","('a', 'UP', 0.22493505477905273)","('s', 'DOWN', 0.32628297805786133)","('s', 'UP', 0.38230109214782715)","('s', 'DOWN', 0.4725480079650879)","('s', 'UP', 0.5736138820648193)","('W', 'DOWN', 0.7425198554992676)","('W', 'UP', 0.7983980178833008)","('0', 'DOWN', 0.9335000514984131)","('0', 'UP', 1.046320915222168)","('r', 'DOWN', 1.0470058917999268)","('r', 'UP', 1.1248488426208496)","('d', 'DOWN', 1.2264420986175537)","('d', 'UP', 1.316098928451538)","('!', 'DOWN', 1.4737119674682617)","('!', 'UP', 1.5527167320251465)"
"('p', 'DOWN', 2.86102294921875e-06)","('p', 'UP', 0.08973383903503418)","('a', 'DOWN', 0.14626193046569824)","('a', 'UP', 0.23622393608093262)","('s', 'DOWN', 0.3824629783630371)","('s', 'UP', 0.43842267990112305)","('s', 'DOWN', 0.5173356533050537)","('s', 'UP', 0.5960788726806641)","('W', 'DOWN', 0.7650399208068848)","('W', 'UP', 0.8551359176635742)","('0', 'DOWN', 0.9788668155670166)","('r', 'DOWN', 1.0799837112426758)","('r', 'UP', 1.1022677421569824)","('0', 'UP', 1.102604627609253)","('d', 'DOWN', 1.2599198818206787)","('d', 'UP', 1.3384859561920166)","('!', 'DOWN', 1.5074779987335205)","('!', 'UP', 1.5972237586975098)"
"('p', 'DOWN', 1.9073486328125e-06)","('p', 'UP', 0.10126280784606934)","('a', 'DOWN', 0.11267900466918945)","('a', 'UP', 0.19101691246032715)","('s', 'DOWN', 0.2926778793334961)","('s', 'UP', 0.3709688186645508)","('s', 'DOWN', 0.4387390613555908)","('s', 'UP', 0.5287339687347412)","('W', 'DOWN', 0.6861529350280762)","('W', 'UP', 0.765355110168457)","('0', 'DOWN', 0.8890750408172607)","('0', 'UP', 0.9786109924316406)","('r', 'DOWN', 1.0013420581817627)","('r', 'UP', 1.0798900127410889)","('d', 'DOWN', 1.1812260150909424)","('d', 'UP', 1.2710790634155273)","('!', 'DOWN', 1.5413169860839844)","('!', 'UP', 1.6537160873413086)"
"('p', 'DOWN', 2.1457672119140625e-06)","('p', 'UP', 0.11247897148132324)","('a', 'DOWN', 0.1573169231414795)","('a', 'UP', 0.23607993125915527)","('s', 'DOWN', 0.3488130569458008)","('s', 'UP', 0.4047219753265381)","('s', 'DOWN', 0.4950699806213379)","('s', 'UP', 0.5849180221557617)","('W', 'DOWN', 0.776249885559082)","('W', 'UP', 0.8660869598388672)","('0', 'DOWN', 1.034857988357544)","('0', 'UP', 1.124756097793579)","('r', 'DOWN', 1.136293888092041)","('r', 'UP', 1.2148029804229736)","('d', 'DOWN', 1.350189208984375)","('d', 'UP', 1.4512951374053955)","('!', 'DOWN', 1.620063066482544)","('!', 'UP', 1.7215299606323242)"
"('p', 'DOWN', 1.6689300537109375e-06)","('a', 'DOWN', 0.08999490737915039)","('p', 'UP', 0.10085773468017578)","('a', 'UP', 0.17989301681518555)","('s', 'DOWN', 0.30385279655456543)","('s', 'UP', 0.3712139129638672)","('s', 'DOWN', 0.45010900497436523)","('s', 'UP', 0.5400629043579102)","('W', 'DOWN', 0.708493709564209)","('W', 'UP', 0.82120680809021)","('0', 'DOWN', 0.9453778266906738)","('r', 'DOWN', 1.0687198638916016)","('0', 'UP', 1.0797069072723389)","('r', 'UP', 1.1361570358276367)","('d', 'DOWN', 1.3275039196014404)","('d', 'UP', 1.4287118911743164)","('!', 'DOWN', 1.6088838577270508)","('!', 'UP', 1.6873629093170166)"
"('p', 'DOWN', 2.1457672119140625e-06)","('p', 'UP', 0.12348103523254395)","('a', 'DOWN', 0.13502717018127441)","('a', 'UP', 0.21353435516357422)","('s', 'DOWN', 0.32619810104370117)","('s', 'UP', 0.3822011947631836)","('s', 'DOWN', 0.44982409477233887)","('s', 'UP', 0.5510809421539307)","('W', 'DOWN', 0.7537522315979004)","('W', 'UP', 0.8660402297973633)","('0', 'DOWN', 1.0237290859222412)","('0', 'UP', 1.147322177886963)","('r', 'DOWN', 1.1589081287384033)","('r', 'UP', 1.2599761486053467)","('d', 'DOWN', 1.3725450038909912)","('d', 'UP', 1.4737491607666016)","('!', 'DOWN', 1.6311371326446533)","('!', 'UP', 1.7101750373840332)"
"('p', 'DOWN', 3.0994415283203125e-06)","('p', 'UP', 0.08988523483276367)","('a', 'DOWN', 0.10144996643066406)","('a', 'UP', 0.1912829875946045)","('s', 'DOWN', 0.3039250373840332)","('s', 'UP', 0.35986995697021484)","('s', 'DOWN', 0.43895697593688965)","('s', 'UP', 0.5402910709381104)","('W', 'DOWN', 0.6972222328186035)","('W', 'UP', 0.7765109539031982)","('0', 'DOWN', 0.9224979877471924)","('r', 'DOWN', 1.0351121425628662)","('0', 'UP', 1.057251214981079)","('r', 'UP', 1.1252453327178955)","('d', 'DOWN', 1.2151200771331787)","('d', 'UP', 1.3162870407104492)","('!', 'DOWN', 1.4626281261444092)","('!', 'UP', 1.5415260791778564)"
"('p', 'DOWN', 2.1457672119140625e-06)","('p', 'UP', 0.10114002227783203)","('a', 'DOWN', 0.13506507873535156)","('a', 'UP', 0.23615097999572754)","('s', 'DOWN', 0.3711080551147461)","('s', 'UP', 0.4386119842529297)","('s', 'DOWN', 0.5623390674591064)","('s', 'UP', 0.6635940074920654)","('W', 'DOWN', 0.8886270523071289)","('W', 'UP', 1.0014050006866455)","('0', 'DOWN', 1.2262110710144043)","('r', 'DOWN', 1.3386728763580322)","('0', 'UP', 1.3610801696777344)","('r', 'UP', 1.4286730289459229)","('d', 'DOWN', 1.5411901473999023)","('d', 'UP', 1.6308691501617432)","('!', 'DOWN', 1.7775139808654785)","('!', 'UP', 1.8788878917694092)"
"('p', 'DOWN', 2.86102294921875e-06)","('p', 'UP', 0.10112786293029785)","('a', 'DOWN', 0.12362194061279297)","('a', 'UP', 0.21355986595153809)","('s', 'DOWN', 0.3264048099517822)","('s', 'UP', 0.4048919677734375)","('s', 'DOWN', 0.4725048542022705)","('s', 'UP', 0.5624918937683105)","('W', 'DOWN', 0.776282787322998)","('W', 'UP', 0.8778119087219238)","('0', 'DOWN', 1.03501296043396)","('r', 'DOWN', 1.1249699592590332)","('0', 'UP', 1.159876823425293)","('r', 'UP', 1.203808069229126)","('d', 'DOWN', 1.3163578510284424)","('d', 'UP', 1.406045913696289)","('!', 'DOWN', 1.5750737190246582)","('!', 'UP', 1.665097951889038)"
"('p', 'DOWN', 1.9073486328125e-06)","('p', 'UP', 0.08962297439575195)","('a', 'DOWN', 0.10097503662109375)","('a', 'UP', 0.19043493270874023)","('s', 'DOWN', 0.31525397300720215)","('s', 'UP', 0.38213491439819336)","('s', 'DOWN', 0.46132588386535645)","('s', 'UP', 0.562190055847168)","('W', 'DOWN', 0.7194390296936035)","('W', 'UP', 0.8099839687347412)","('0', 'DOWN', 0.9336369037628174)","('r', 'DOWN', 1.0235559940338135)","('0', 'UP', 1.034925937652588)","('r', 'UP', 1.1023547649383545)","('d', 'DOWN', 1.203674077987671)","('d', 'UP', 1.3158798217773438)","('!', 'DOWN', 1.4737329483032227)","('!', 'UP', 1.5633749961853027)"
"('p', 'DOWN', 2.86102294921875e-06)","('a', 'DOWN', 0.10108089447021484)","('p', 'UP', 0.11211705207824707)","('a', 'UP', 0.19107389450073242)","('s', 'DOWN', 0.3038768768310547)","('s', 'UP', 0.3711738586425781)","('s', 'DOWN', 0.46108484268188477)","('s', 'UP', 0.551182746887207)","('W', 'DOWN', 0.7538628578186035)","('W', 'UP', 0.8435878753662109)","('0', 'DOWN', 0.9789168834686279)","('r', 'DOWN', 1.0687408447265625)","('0', 'UP', 1.092580795288086)","('r', 'UP', 1.1360540390014648)","('d', 'DOWN', 1.2488598823547363)","('d', 'UP', 1.3499729633331299)","('!', 'DOWN', 1.5187067985534668)","('!', 'UP', 1.5751087665557861)"
"('p', 'DOWN', 1.6689300537109375e-06)","('p', 'UP', 0.10125994682312012)","('a', 'DOWN', 0.1125788688659668)","('a', 'UP', 0.20253682136535645)","('s', 'DOWN', 0.3150918483734131)","('s', 'UP', 0.3936638832092285)","('s', 'DOWN', 0.4613230228424072)","('s', 'UP', 0.5623917579650879)","('W', 'DOWN', 0.7426249980926514)","('W', 'UP', 0.81014084815979)","('0', 'DOWN', 0.9563479423522949)","('r', 'DOWN', 1.0798888206481934)","('0', 'UP', 1.0804238319396973)","('r', 'UP', 1.1361358165740967)","('d', 'DOWN', 1.2488319873809814)","('d', 'UP', 1.3386328220367432)","('!', 'DOWN', 1.5188088417053223)","('!', 'UP', 1.6085498332977295)"
"('p', 'DOWN', 2.86102294921875e-06)","('p', 'UP', 0.11241292953491211)","('a', 'DOWN', 0.12367701530456543)","('a', 'UP', 0.20290803909301758)","('s', 'DOWN', 0.31501197814941406)","('s', 'UP', 0.39356088638305664)","('s', 'DOWN', 0.4613778591156006)","('s', 'UP', 0.5624558925628662)","('W', 'DOWN', 0.8776347637176514)","('W', 'UP', 0.9673819541931152)","('0', 'DOWN', 1.3499860763549805)","('0', 'UP', 1.4623630046844482)","('r', 'DOWN', 1.5300650596618652)","('r', 'UP', 1.6312870979309082)","('d', 'DOWN', 1.766401767730713)","('d', 'UP', 1.878695011138916)","('!', 'DOWN', 2.0363500118255615)","('!', 'UP', 2.137479066848755)"
"('p', 'DOWN', 1.9073486328125e-06)","('p', 'UP', 0.08983802795410156)","('a', 'DOWN', 0.14625000953674316)","('a', 'UP', 0.21354389190673828)","('s', 'DOWN', 0.3712148666381836)","('s', 'UP', 0.42725610733032227)","('s', 'DOWN', 0.5174689292907715)","('s', 'UP', 0.596045970916748)","('W', 'DOWN', 0.9111909866333008)","('W', 'UP', 1.001343011856079)","('0', 'DOWN', 1.3725550174713135)","('0', 'UP', 1.4960389137268066)","('r', 'DOWN', 1.7325339317321777)","('r', 'UP', 1.822281837463379)","('d', 'DOWN', 1.9911978244781494)","('d', 'UP', 2.0923609733581543)","('!', 'DOWN', 2.3400089740753174)","('!', 'UP', 2.44112491607666)"
"('p', 'DOWN', 1.9073486328125e-06)","('p', 'UP', 0.1010749340057373)","('a', 'DOWN', 0.12360000610351562)","('a', 'UP', 0.22485589981079102)","('s', 'DOWN', 0.3486168384552002)","('s', 'UP', 0.40474486351013184)","('s', 'DOWN', 0.4837968349456787)","('s', 'UP', 0.5735437870025635)","('W', 'DOWN', 0.7420358657836914)","('W', 'UP', 0.8551070690155029)","('0', 'DOWN', 0.9561920166015625)","('r', 'DOWN', 1.0686781406402588)","('0', 'UP', 1.0794479846954346)","('r', 'UP', 1.1587409973144531)","('d', 'DOWN', 1.2486817836761475)","('d', 'UP', 1.34983491897583)","('!', 'DOWN', 1.5072438716888428)","('!', 'UP', 1.6085307598114014)"
"('p', 'DOWN', 1.9073486328125e-06)","('p', 'UP', 0.10134220123291016)","('a', 'DOWN', 0.12391114234924316)","('a', 'UP', 0.2139720916748047)","('s', 'DOWN', 0.31525397300720215)","('s', 'UP', 0.3825819492340088)","('s', 'DOWN', 0.47263002395629883)","('s', 'UP', 0.5400660037994385)","('W', 'DOWN', 0.6863341331481934)","('W', 'UP', 0.7540850639343262)","('0', 'DOWN', 0.9002280235290527)","('0', 'UP', 1.0013830661773682)","('r', 'DOWN', 1.012544870376587)","('r', 'UP', 1.0801069736480713)","('d', 'DOWN', 1.1814758777618408)","('d', 'UP', 1.2712271213531494)","('!', 'DOWN', 1.4400968551635742)","('!', 'UP', 1.5301909446716309)"
"('p', 'DOWN', 3.0994415283203125e-06)","('p', 'UP', 0.0896151065826416)","('a', 'DOWN', 0.11242008209228516)","('a', 'UP', 0.21346712112426758)","('s', 'DOWN', 0.2922539710998535)","('s', 'UP', 0.3706669807434082)","('s', 'DOWN', 0.46117186546325684)","('s', 'UP', 0.5396358966827393)","('W', 'DOWN', 0.6972122192382812)","('W', 'UP', 0.7761440277099609)","('0', 'DOWN', 0.944878101348877)","('0', 'UP', 1.0459482669830322)","('r', 'DOWN', 1.057372808456421)","('r', 'UP', 1.1473360061645508)","('d', 'DOWN', 1.2372019290924072)","('d', 'UP', 1.3271212577819824)","('!', 'DOWN', 1.9124641418457031)","('!', 'UP', 2.0472822189331055)"
"('p', 'DOWN', 2.86102294921875e-06)","('p', 'UP', 0.08976888656616211)","('a', 'DOWN', 0.1010599136352539)","('a', 'UP', 0.17960882186889648)","('s', 'DOWN', 0.3037681579589844)","('s', 'UP', 0.3597140312194824)","('s', 'DOWN', 0.44995689392089844)","('s', 'UP', 0.5510690212249756)","('W', 'DOWN', 0.7082698345184326)","('W', 'UP', 0.8102118968963623)","('0', 'DOWN', 0.967231035232544)","('0', 'UP', 1.0800349712371826)","('r', 'DOWN', 1.080759048461914)","('r', 'UP', 1.1585299968719482)","('d', 'DOWN', 1.2710599899291992)","('d', 'UP', 1.3498499393463135)","('!', 'DOWN', 1.5185649394989014)","('!', 'UP', 1.6312520503997803)"
"('p', 'DOWN', 3.0994415283203125e-06)","('a', 'DOWN', 0.12389826774597168)","('p', 'UP', 0.14617705345153809)","('a', 'UP', 0.22515201568603516)","('s', 'DOWN', 0.3151681423187256)","('s', 'UP', 0.38271021842956543)","('s', 'DOWN', 0.4614253044128418)","('s', 'UP', 0.5514881610870361)","('W', 'DOWN', 0.7199571132659912)","('W', 'UP', 0.799044132232666)","('0', 'DOWN', 0.967778205871582)","('0', 'UP', 1.0690391063690186)","('r', 'DOWN', 1.0914859771728516)","('r', 'UP', 1.1590042114257812)","('d', 'DOWN', 1.2828559875488281)","('d', 'UP', 1.372650146484375)","('!', 'DOWN', 1.5302352905273438)","('!', 'UP', 1.6203830242156982)"
"('p', 'DOWN', 1.6689300537109375e-06)","('p', 'UP', 0.1124880313873291)","('a', 'DOWN', 0.12363696098327637)","('a', 'UP', 0.21371793746948242)","('s', 'DOWN', 0.31496667861938477)","('s', 'UP', 0.3825259208679199)","('s', 'DOWN', 0.48395490646362305)","('s', 'UP', 0.5513317584991455)","('W', 'DOWN', 0.7536897659301758)","('W', 'UP', 0.8553297519683838)","('0', 'DOWN', 1.0348799228668213)","('0', 'UP', 1.14736008644104)","('r', 'DOWN', 1.4173598289489746)","('r', 'UP', 1.4961838722229004)","('d', 'DOWN', 1.608794927597046)","('d', 'UP', 1.6987669467926025)","('!', 'DOWN', 1.8673570156097412)","('!', 'UP', 1.9574947357177734)"
"('p', 'DOWN', 2.1457672119140625e-06)","('p', 'UP', 0.10165715217590332)","('a', 'DOWN', 0.10221123695373535)","('a', 'UP', 0.20248126983642578)","('s', 'DOWN', 0.3035881519317627)","('s', 'UP', 0.3597850799560547)","('s', 'DOWN', 0.4612762928009033)","('s', 'UP', 0.5510592460632324)","('W', 'DOWN', 0.7086572647094727)","('W', 'UP', 0.7989292144775391)","('0', 'DOWN', 0.9673161506652832)","('0', 'UP', 1.0911002159118652)","('r', 'DOWN', 1.1250030994415283)","('r', 'UP', 1.2149250507354736)","('d', 'DOWN', 1.3161931037902832)","('d', 'UP', 1.4060001373291016)","('!', 'DOWN', 1.5525431632995605)","('!', 'UP', 1.6538381576538086)"
"('p', 'DOWN', 1.9073486328125e-06)","('p', 'UP', 0.12360286712646484)","('a', 'DOWN', 0.13504481315612793)","('a', 'UP', 0.224992036819458)","('s', 'DOWN', 0.32622575759887695)","('s', 'UP', 0.3823428153991699)","('s', 'DOWN', 0.4724857807159424)","('s', 'UP', 0.5737049579620361)","('W', 'DOWN', 0.7538008689880371)","('W', 'UP', 0.7879607677459717)","('0', 'DOWN', 0.9674859046936035)","('0', 'UP', 1.1136958599090576)","('r', 'DOWN', 1.136443853378296)","('r', 'UP', 1.2260489463806152)","('d', 'DOWN', 1.3386917114257812)","('d', 'UP', 1.4514708518981934)","('!', 'DOWN', 1.597336769104004)","('!', 'UP', 1.6537249088287354)"
"('p', 'DOWN', 2.1457672119140625e-06)","('a', 'DOWN', 0.0898430347442627)","('p', 'UP', 0.11345791816711426)","('a', 'UP', 0.18001317977905273)","('s', 'DOWN', 0.3037378787994385)","('s', 'UP', 0.38263821601867676)","('s', 'DOWN', 0.47278594970703125)","('s', 'UP', 0.5736970901489258)","('W', 'DOWN', 0.7309730052947998)","('W', 'UP', 0.7876129150390625)","('0', 'DOWN', 0.9337222576141357)","('0', 'UP', 1.0461928844451904)","('r', 'DOWN', 1.079944133758545)","('r', 'UP', 1.1811530590057373)","('d', 'DOWN', 1.3050050735473633)","('d', 'UP', 1.4063429832458496)","('!', 'DOWN', 1.6313400268554688)","('!', 'UP', 1.743791103363037)"
"('p', 'DOWN', 2.86102294921875e-06)","('p', 'UP', 0.11159682273864746)","('a', 'DOWN', 0.12272906303405762)","('a', 'UP', 0.22402095794677734)","('s', 'DOWN', 0.3141188621520996)","('s', 'UP', 0.404041051864624)","('s', 'DOWN', 0.4828476905822754)","('s', 'UP', 0.5727980136871338)","('W', 'DOWN', 0.7411448955535889)","('W', 'UP', 0.854079008102417)","('0', 'DOWN', 1.0564460754394531)","('0', 'UP', 1.169055700302124)","('r', 'DOWN', 1.1803247928619385)","('r', 'UP', 1.270310878753662)","('d', 'DOWN', 1.3828587532043457)","('d', 'UP', 1.4727199077606201)","('!', 'DOWN', 1.6303057670593262)","('!', 'UP', 1.7092359066009521)"
"('p', 'DOWN', 2.1457672119140625e-06)","('p', 'UP', 0.10136699676513672)","('a', 'DOWN', 0.1463639736175537)","('a', 'UP', 0.22529888153076172)","('s', 'DOWN', 0.3489038944244385)","('s', 'UP', 0.41635990142822266)","('s', 'DOWN', 0.4951009750366211)","('s', 'UP', 0.5963442325592041)","('W', 'DOWN', 0.7649762630462646)","('W', 'UP', 0.866718053817749)","('0', 'DOWN', 1.0015182495117188)","('r', 'DOWN', 1.1027390956878662)","('0', 'UP', 1.1134090423583984)","('r', 'UP', 1.1926920413970947)","('d', 'DOWN', 1.2939960956573486)","('d', 'UP', 1.395212173461914)","('!', 'DOWN', 1.5752179622650146)","('!', 'UP', 1.6428730487823486)"
"('p', 'DOWN', 1.9073486328125e-06)","('p', 'UP', 0.10126805305480957)","('a', 'DOWN', 0.11239504814147949)","('a', 'UP', 0.1912248134613037)","('s', 'DOWN', 0.30342888832092285)","('s', 'UP', 0.37123703956604004)","('s', 'DOWN', 0.4500150680541992)","('s', 'UP', 0.5512330532073975)","('W', 'DOWN', 0.708820104598999)","('W', 'UP', 0.7763988971710205)","('0', 'DOWN', 0.9450199604034424)","('0', 'UP', 1.0683841705322266)","('r', 'DOWN', 1.0912420749664307)","('r', 'UP', 1.1812679767608643)","('d', 'DOWN', 1.2937219142913818)","('d', 'UP', 1.3949480056762695)","('!', 'DOWN', 1.7438318729400635)","('!', 'UP', 1.8336811065673828)"
"('p', 'DOWN', 2.1457672119140625e-06)","('a', 'DOWN', 0.11279487609863281)","('p', 'UP', 0.12317180633544922)","('a', 'UP', 0.21386194229125977)","('s', 'DOWN', 0.3038949966430664)","('s', 'UP', 0.39385080337524414)","('s', 'DOWN', 0.4613687992095947)","('s', 'UP', 0.5514917373657227)","('W', 'DOWN', 0.7427289485931396)","('W', 'UP', 0.8213651180267334)","('0', 'DOWN', 0.9339840412139893)","('0', 'UP', 1.0466198921203613)","('r', 'DOWN', 1.0690670013427734)","('r', 'UP', 1.1477198600769043)","('d', 'DOWN', 1.2488551139831543)","('d', 'UP', 1.3388350009918213)","('!', 'DOWN', 1.5189640522003174)","('!', 'UP', 1.597912073135376)"
"('p', 'DOWN', 2.1457672119140625e-06)","('p', 'UP', 0.10125303268432617)","('a', 'DOWN', 0.11248993873596191)","('a', 'UP', 0.20257925987243652)","('s', 'DOWN', 0.34872007369995117)","('s', 'UP', 0.41622114181518555)","('s', 'DOWN', 0.5177052021026611)","('s', 'UP', 0.5962831974029541)","('W', 'DOWN', 0.7759900093078613)","('W', 'UP', 0.8885161876678467)","('0', 'DOWN', 1.0687611103057861)","('0', 'UP', 1.1700031757354736)","('r', 'DOWN', 1.2150020599365234)","('r', 'UP', 1.2937052249908447)","('d', 'DOWN', 1.4062061309814453)","('d', 'UP', 1.4961161613464355)","('!', 'DOWN', 1.6425230503082275)","('!', 'UP', 1.7213690280914307)"
"('p', 'DOWN', 1.9073486328125e-06)","('a', 'DOWN', 0.10124611854553223)","('p', 'UP', 0.11215806007385254)","('a', 'UP', 0.19134306907653809)","('s', 'DOWN', 0.3150620460510254)","('s', 'UP', 0.3826260566711426)","('s', 'DOWN', 0.4725642204284668)","('s', 'UP', 0.5738890171051025)","('W', 'DOWN', 0.7649509906768799)","('W', 'UP', 0.8214380741119385)","('0', 'DOWN', 1.001312017440796)","('0', 'UP', 1.1025938987731934)","('r', 'DOWN', 1.1364240646362305)","('r', 'UP', 1.2263209819793701)","('d', 'DOWN', 1.3500781059265137)","('d', 'UP', 1.4513912200927734)","('!', 'DOWN', 1.59757399559021)","('!', 'UP', 1.6989920139312744)"
"('p', 'DOWN', 1.9073486328125e-06)","('p', 'UP', 0.10123395919799805)","('a', 'DOWN', 0.11253094673156738)","('a', 'UP', 0.19108200073242188)","('s', 'DOWN', 0.2925140857696533)","('s', 'UP', 0.35996484756469727)","('s', 'DOWN', 0.4385979175567627)","('s', 'UP', 0.5398988723754883)","('W', 'DOWN', 0.7200069427490234)","('W', 'UP', 0.8098878860473633)","('0', 'DOWN', 1.0126068592071533)","('0', 'UP', 1.1360807418823242)","('r', 'DOWN', 1.1699230670928955)","('r', 'UP', 1.2377500534057617)","('d', 'DOWN', 1.3387398719787598)","('d', 'UP', 1.4176130294799805)","('!', 'DOWN', 1.5749847888946533)","('!', 'UP', 1.676297903060913)"
"('p', 'DOWN', 1.9073486328125e-06)","('p', 'UP', 0.11241698265075684)","('a', 'DOWN', 0.12354922294616699)","('a', 'UP', 0.20259404182434082)","('s', 'DOWN', 0.3261868953704834)","('s', 'UP', 0.38231897354125977)","('s', 'DOWN', 0.5512161254882812)","('s', 'UP', 0.6410200595855713)","('W', 'DOWN', 1.1812169551849365)","('W', 'UP', 1.3048579692840576)","('0', 'DOWN', 1.4624271392822266)","('0', 'UP', 1.5748929977416992)","('r', 'DOWN', 1.5974698066711426)","('r', 'UP', 1.6759910583496094)","('d', 'DOWN', 1.7774062156677246)","('d', 'UP', 1.878641128540039)","('!', 'DOWN', 2.0360140800476074)","('!', 'UP', 2.11489200592041)"
"('p', 'DOWN', 1.9073486328125e-06)","('p', 'UP', 0.12364792823791504)","('a', 'DOWN', 0.1350879669189453)","('a', 'UP', 0.20267295837402344)","('s', 'DOWN', 0.32624387741088867)","('s', 'UP', 0.4160950183868408)","('s', 'DOWN', 0.4952237606048584)","('s', 'UP', 0.5962388515472412)","('W', 'DOWN', 0.7650036811828613)","('W', 'UP', 0.8549067974090576)","('0', 'DOWN', 1.0126128196716309)","('0', 'UP', 1.102508783340454)","('r', 'DOWN', 1.1138389110565186)","('r', 'UP', 1.2038328647613525)","('d', 'DOWN', 1.305083990097046)","('d', 'UP', 1.3949599266052246)","('!', 'DOWN', 1.563720941543579)","('!', 'UP', 1.6539089679718018)"
"('p', 'DOWN', 2.1457672119140625e-06)","('p', 'UP', 0.09030890464782715)","('a', 'DOWN', 0.1012580394744873)","('a', 'UP', 0.20221400260925293)","('s', 'DOWN', 0.3037400245666504)","('s', 'UP', 0.39368724822998047)","('s', 'DOWN', 0.4727292060852051)","('s', 'UP', 0.5737180709838867)","('W', 'DOWN', 0.7874670028686523)","('W', 'UP', 0.8774259090423584)","('0', 'DOWN', 1.0687100887298584)","('0', 'UP', 1.1699509620666504)","('r', 'DOWN', 1.2037949562072754)","('r', 'UP', 1.293614149093628)","('d', 'DOWN', 1.394956111907959)","('d', 'UP', 1.4961950778961182)","('!', 'DOWN', 1.6535160541534424)","('!', 'UP', 1.7663249969482422)"
"('p', 'DOWN', 1.9073486328125e-06)","('a', 'DOWN', 0.08997797966003418)","('p', 'UP', 0.11306500434875488)","('a', 'UP', 0.20254778861999512)","('s', 'DOWN', 0.2812368869781494)","('s', 'UP', 0.36012697219848633)","('s', 'DOWN', 0.4503469467163086)","('s', 'UP', 0.5399680137634277)","('W', 'DOWN', 0.6760189533233643)","('W', 'UP', 0.7538490295410156)","('0', 'DOWN', 0.9001100063323975)","('0', 'UP', 1.0237929821014404)","('r', 'DOWN', 1.0574851036071777)","('r', 'UP', 1.1250519752502441)","('d', 'DOWN', 1.2600538730621338)","('d', 'UP', 1.327495813369751)","('!', 'DOWN', 1.4963960647583008)","('!', 'UP', 1.5861811637878418)"
"('p', 'DOWN', 1.9073486328125e-06)","('p', 'UP', 0.1124567985534668)","('a', 'DOWN', 0.12360382080078125)","('a', 'UP', 0.22495794296264648)","('s', 'DOWN', 0.3149528503417969)","('s', 'UP', 0.4047977924346924)","('s', 'DOWN', 0.4834580421447754)","('s', 'UP', 0.5736188888549805)","('W', 'DOWN', 0.7312760353088379)","('W', 'UP', 0.8099219799041748)","('0', 'DOWN', 0.9336919784545898)","('0', 'UP', 1.0576398372650146)","('r', 'DOWN', 1.0583229064941406)","('r', 'UP', 1.1586830615997314)","('d', 'DOWN', 1.2599480152130127)","('d', 'UP', 1.3498280048370361)","('!', 'DOWN', 1.5411970615386963)","('!', 'UP', 1.6537699699401855)"
"('p', 'DOWN', 2.1457672119140625e-06)","('a', 'DOWN', 0.11252236366271973)","('p', 'UP', 0.1350400447845459)","('a', 'UP', 0.2026071548461914)","('s', 'DOWN', 0.34857702255249023)","('s', 'UP', 0.4162101745605469)","('s', 'DOWN', 0.49512219429016113)","('s', 'UP', 0.5850872993469238)","('W', 'DOWN', 0.7651472091674805)","('W', 'UP', 0.8440382480621338)","('0', 'DOWN', 0.9788181781768799)","('0', 'UP', 1.091332197189331)","('r', 'DOWN', 1.102419376373291)","('r', 'UP', 1.170072078704834)","('d', 'DOWN', 1.2713162899017334)","('d', 'UP', 1.3837971687316895)","('!', 'DOWN', 1.530088186264038)","('!', 'UP', 1.6201331615447998)"
"('p', 'DOWN', 2.1457672119140625e-06)","('a', 'DOWN', 0.08988428115844727)","('p', 'UP', 0.11365723609924316)","('a', 'UP', 0.16882991790771484)","('s', 'DOWN', 0.26992011070251465)","('s', 'UP', 0.34870100021362305)","('s', 'DOWN', 0.4273700714111328)","('s', 'UP', 0.5397639274597168)","('W', 'DOWN', 0.6974930763244629)","('W', 'UP', 0.7427411079406738)","('0', 'DOWN', 0.9111781120300293)","('r', 'DOWN', 1.0237271785736084)","('0', 'UP', 1.0460031032562256)","('r', 'UP', 1.0912482738494873)","('d', 'DOWN', 1.2036921977996826)","('d', 'UP', 1.3049490451812744)","('!', 'DOWN', 1.4849679470062256)","('!', 'UP', 1.5865442752838135)"
"('p', 'DOWN', 2.1457672119140625e-06)","('a', 'DOWN', 0.10128903388977051)","('p', 'UP', 0.12384486198425293)","('a', 'UP', 0.1800220012664795)","('s', 'DOWN', 0.30386996269226074)","('s', 'UP', 0.3712189197540283)","('s', 'DOWN', 0.47246384620666504)","('s', 'UP', 0.562506914138794)","('W', 'DOWN', 0.7426760196685791)","('W', 'UP', 0.8102500438690186)","('0', 'DOWN', 0.9901089668273926)","('r', 'DOWN', 1.0914640426635742)","('0', 'UP', 1.1136987209320068)","('r', 'UP', 1.181333065032959)","('d', 'DOWN', 1.2825589179992676)","('d', 'UP', 1.3724911212921143)","('!', 'DOWN', 1.5188491344451904)","('!', 'UP', 1.597654104232788)"
"('p', 'DOWN', 2.1457672119140625e-06)","('a', 'DOWN', 0.12390303611755371)","('p', 'UP', 0.12461185455322266)","('a', 'UP', 0.16872096061706543)","('s', 'DOWN', 0.2925870418548584)","('s', 'UP', 0.37125396728515625)","('s', 'DOWN', 0.4724240303039551)","('s', 'UP', 0.5737979412078857)","('W', 'DOWN', 1.5750401020050049)","('W', 'UP', 1.7214269638061523)","('0', 'DOWN', 2.070080041885376)","('0', 'UP', 2.171221971511841)","('r', 'DOWN', 2.182490825653076)","('r', 'UP', 2.283770799636841)","('d', 'DOWN', 2.4075567722320557)","('d', 'UP', 2.497528076171875)","('!', 'DOWN', 2.700164794921875)","('!', 'UP', 2.801546096801758)"
"('p', 'DOWN', 2.1457672119140625e-06)","('a', 'DOWN', 0.07870221138000488)","('p', 'UP', 0.11212706565856934)","('a', 'UP', 0.1687910556793213)","('s', 'DOWN', 0.2809011936187744)","('s', 'UP', 0.34863805770874023)","('s', 'DOWN', 0.43849802017211914)","('s', 'UP', 0.5399401187896729)","('W', 'DOWN', 0.7083530426025391)","('W', 'UP', 0.7650129795074463)","('0', 'DOWN', 1.214799165725708)","('r', 'DOWN', 1.2825438976287842)","('0', 'UP', 1.3157329559326172)","('r', 'UP', 1.383695125579834)","('d', 'DOWN', 1.496138095855713)","('d', 'UP', 1.5747590065002441)","('!', 'DOWN', 1.709852933883667)","('!', 'UP', 1.7662091255187988)"
